Work Item Type,Work Item ID,Parent ID,Depends On,Title,Description,Acceptance Criteria,Priority,State,Sprint,Tags,ADR Traceability
Epic,EPIC-V1-01,,,"Governanca e fundacao arquitetural","Operacionalizar a baseline oficial e estabelecer as fronteiras e verificacoes tecnicas antes da implementacao de dominio.","Owners da baseline estao definidos; regras arquiteturais automatizadas e executadas no CI; status dos ADRs de origem nao e alterado por inferencia.",P0,New,Sprint 0,"architecture;governance","ADR-0001;ADR-0002;ADR-0003;ADR-0004;ADR-0005;ADR-0009;ADR-0010"
Feature,FEAT-V1-01-01,EPIC-V1-01,,"Owners e gates legais/de produto","Registrar owners da baseline oficial, resolver privacidade e identificar decisoes de produto ainda ausentes.","Owners e escopo estao registrados; tarefas bloqueadas por decisoes explicitamente abertas permanecem bloqueadas ate aceite; nao se exige re-ratificacao global da baseline.",P0,New,Sprint 0,"governance;gate","ADR-0001;ADR-0002;ADR-0003;ADR-0004;ADR-0005;ADR-0009;ADR-0010"
User Story,US-V1-01-01-01,FEAT-V1-01-01,,"Registrar owners e operacionalizar a baseline oficial","Como equipe de produto e engenharia, quero atribuir owners as decisoes e bounded contexts da baseline selecionada, para iniciar trabalho com responsabilidade e rastreabilidade claras.","A baseline selecionada pelo solicitante e registrada como escopo deste backlog; owners por bounded context e stakeholders relevantes estao identificados; status dos arquivos ADR permanece inalterado.",P0,New,Sprint 0,"governance","ADR-0001;ADR-0002;ADR-0003;ADR-0004;ADR-0005;ADR-0009;ADR-0010"
Task,TK-V1-01-01-01-01,US-V1-01-01-01,,"Registrar baseline selecionada e atribuir owners","Vincular cada bounded context e gate de produto/legal a owner responsavel, mantendo rastreabilidade para os ADRs correntes.","INDEX/backlog identifica owners, escopo e pendencias; nenhuma aprovacao ou status Accepted e inferido; o trabalho nao fica globalmente bloqueado por re-ratificacao.",P0,New,Sprint 0,"governance","ADR-0001;ADR-0002;ADR-0003;ADR-0004;ADR-0005;ADR-0009;ADR-0010"
User Story,US-V1-01-01-02,FEAT-V1-01-01,US-V1-01-01-01,"Fechar decisoes de privacidade e uso de dados de menores","Como responsavel pelo produto, quero politica aprovada de finalidade, consentimento, retencao, exclusao e compartilhamento de dados, para habilitar tratamento de dados educacionais dentro da base legal.","Revisao juridica/privacidade documenta dados, finalidades, base legal, consentimento aplicavel, retencao, direitos, supressao e restricoes de terceiros; eventos/analytics externos ficam bloqueados ate aprovacao.",P0,New,Sprint 0,"privacy;legal;blocking","ADR-0003;ADR-0004;ADR-0009"
Task,TK-V1-01-01-02-01,US-V1-01-01-02,,"Produzir matriz de dados e aprovacao de privacidade","Mapear dados pessoais/educacionais por owner, finalidade, acesso, retencao, exclusao e fluxo externo; obter aprovacao legal apropriada.","Matriz e aprovacao registradas; regras de retencao/exclusao e redacao aplicaveis a logs, eventos e projecoes estao testaveis.",P0,New,Sprint 0,"privacy;legal;blocking","ADR-0003;ADR-0004;ADR-0009"
User Story,US-V1-01-01-03,FEAT-V1-01-01,,"Definir regras de produto ainda abertas","Como Product Owner, quero criterios de dominio aprovados para os fluxos nao especificados integralmente nos ADRs, para que as features possam ser implementadas sem regras inventadas.","Decisoes de elegibilidade/conclusao de percursos, configuracao e pontuacao de simulados, ciclo de campeonato/desempate/publicacao de ranking e licenca/proveniencia de conteudo tem owners e aprovacao; escopo nao aprovado nao entra em sprint de implementacao.",P0,New,Sprint 0,"product-discovery;blocking","ADR-0002;ADR-0003;ADR-0009;ADR-0010"
Task,TK-V1-01-01-03-01,US-V1-01-01-03,,"Aprovar regras pedagogicas e competitivas V1","Facilitar decisoes de produto para percursos, simulados, campeonatos, ranking, badges/certificates e conteudo autorizado.","Cada fluxo tem estados, atores, permissoes, invariantes, casos-limite e criterios de aceite aprovados; questoes de licenca e fonte OBMEP resolvidas.",P0,New,Sprint 0,"product-discovery;blocking","ADR-0002;ADR-0003;ADR-0009"
Feature,FEAT-V1-01-02,EPIC-V1-01,,"Arquitetura modular verificavel","Impedir acesso entre internals de bounded contexts e dependencias circulares; estabelecer contratos e convencoes de eventos.","CI falha em import interno proibido/ciclo; contratos e schemas de eventos possuem versao e validacao automatica.",P0,New,Sprint 1,"architecture;contracts;events","ADR-0001;ADR-0002;ADR-0003"
User Story,US-V1-01-02-01,FEAT-V1-01-02,US-V1-01-01-01,"Verificar ownership e fronteiras de modulo automaticamente","Como mantenedor, quero detectar imports proibidos e ciclos no grafo de dependencias, para preservar Modular Monolith e ownership exclusivo.","Regra executa no CI; chamadas entre modulos usam superficies publicas; fixture com import interno e ciclo e rejeitada.",P0,New,Sprint 1,"architecture;ci","ADR-0001;ADR-0002"
Task,TK-V1-01-02-01-01,US-V1-01-02-01,,"Configurar verificacoes de arquitetura e contratos","Aplicar regras de import por camada/modulo e validacao de contratos publicos e DTOs.","Testes arquiteturais passam no codigo vigente; violacoes de fixture falham; regras e excecoes aprovadas estao documentadas.",P0,New,Sprint 1,"architecture;ci","ADR-0002;ADR-0005"
User Story,US-V1-01-02-02,FEAT-V1-01-02,US-V1-01-02-01,"Publicar envelope e catalogo inicial de eventos aprovado","Como consumidor de eventos, quero contratos versionados e minimizados com contexto de correlacao, para processar fatos sem inferir ownership ou permissao.","Eventos aprovados tem produtor unico, nome no passado, eventId/type/schemaVersion/occurredAt/correlationId/causationId e schoolId quando aplicavel; payload exclui segredos e PII nao aprovada.",P0,New,Sprint 1,"events;contracts","ADR-0002;ADR-0003;ADR-0004;ADR-0009"
Task,TK-V1-01-02-02-01,US-V1-01-02-02,,"Aprovar envelope e schemas de eventos V1","Versionar envelope, catalogo inicial, compatibilidade e politica de dados/retencao antes de publicar consumers.","Schemas validados em testes de contrato; versoes compativeis documentadas; nenhum consumer depende de payload que transfira autoridade de dominio.",P0,New,Sprint 1,"events;contracts","ADR-0002;ADR-0003;ADR-0009"
Feature,FEAT-V1-01-03,EPIC-V1-01,,"CI e ambiente de integracao com PostgreSQL","Executar migrations e testes de adapters em PostgreSQL real no pipeline de validacao.","CI inicia PostgreSQL descartavel, aplica migrations e executa suite de adapters sem pular testes dependentes do banco.",P0,New,Sprint 1,"ci;database","ADR-0001;ADR-0003"
User Story,US-V1-01-03-01,FEAT-V1-01-03,US-V1-01-02-01,"Validar persistencia no CI com banco real","Como engenheiro, quero validar adapters e migrations em PostgreSQL real no CI, para encontrar incompatibilidades antes do merge.","Job reporta migrations e testes de integracao; nenhum teste de banco e silenciosamente pulado no pipeline obrigatorio.",P0,New,Sprint 1,"ci;database;tech-debt","ADR-0003"
Task,TK-V1-01-03-01-01,US-V1-01-03-01,,"Adicionar servico PostgreSQL e migracao no CI","Executar migration deploy e testes de adapters usando a base de teste isolada.","Pipeline cria banco limpo, migra, roda os testes de integracao Auth/Membership e falha em erro de schema ou teste.",P0,New,Sprint 1,"ci;database","ADR-0003"
Epic,EPIC-V1-02,,,"Persistencia segura multi-escola","Implementar estrategia PostgreSQL/Prisma com schema e ownership por bounded context, migrations controladas e isolamento verificavel.","Dados transacionais pertencem a um modulo; school-owned data e isolado por schoolId; analytics nao e fonte OLTP; backup/restore testado.",P0,New,Sprint 2,"database;tenancy","ADR-0002;ADR-0003;ADR-0004"
Feature,FEAT-V1-02-01,EPIC-V1-02,US-V1-01-01-02,"Modelo fisico e constraints tenant-aware","Traduzir modelo conceitual aprovado em modelo de persistencia com constraints, indices e ownership sem habilitar acesso cruzado.","Schema revisado por owners; schoolId e obrigatorio nos dados escolares; unicidades e relacionamentos preservam tenant; migrations reproduziveis.",P0,New,Sprint 2,"database;tenancy;blocking","ADR-0002;ADR-0003;ADR-0004"
User Story,US-V1-02-01-01,FEAT-V1-02-01,TK-V1-01-03-01-01,"Aplicar ownership e escopo escolar no modelo transacional","Como owner de modulo, quero persistir somente os agregados que me pertencem e escopar dados escolares, para manter consistencia sem compartilhamento de autoridade.","Revisao confirma tabela/agregado com owner; queries/mutations testadas com schoolId valido e divergente; FK entre modulos nao transfere ownership.",P0,New,Sprint 2,"database;tenancy","ADR-0002;ADR-0003"
Task,TK-V1-02-01-01-01,US-V1-02-01-01,,"Revisar data map e constraints por bounded context","Finalizar entidades/owners, unicidades, indexes, referencias, escopo e decisoes Prisma/DDL com revisao de privacidade.","Data map e schema revisados pelos owners; itens juridicos bloqueantes resolvidos; nenhum modelo global de negocio e introduzido no pacote database.",P0,New,Sprint 2,"database;tenancy","ADR-0002;ADR-0003"
User Story,US-V1-02-01-02,FEAT-V1-02-01,TK-V1-02-01-01-01,"Impedir acesso cruzado entre escolas na persistencia","Como estudante ou profissional escolar, quero que cada consulta/mutacao seja limitada a escola autorizada, para impedir exposicao ou alteracao de dados de outro tenant.","Testes negativos cobrem leitura, escrita, relacoes compostas e recursos com schoolId divergente; todas negam sem fallback; cache/DTOs/eventos preservam o escopo.",P0,New,Sprint 2,"security;tenancy","ADR-0003;ADR-0004"
Task,TK-V1-02-01-02-01,US-V1-02-01-02,,"Automatizar testes de isolamento tenant-aware","Adicionar casos multi-escola nas fronteiras de repositorio e aplicacao relevantes.","Testes usam ao menos duas escolas e ator com membership unica/multipla; consultas e mutacoes divergentes falham; resultado nao vaza dados.",P0,New,Sprint 2,"security;testing","ADR-0003;ADR-0004"
Feature,FEAT-V1-02-02,EPIC-V1-02,US-V1-02-01-01,"Migrations e ciclo de vida com recuperacao","Gerir mudancas incrementais, seeds de catalogo versionado e recuperacao de dados conforme a politica aprovada.","Migrations aplicadas por pipeline controlado e forward-only; restore validado; soft delete/retencao respeitam politica aprovada.",P0,New,Sprint 2,"database;operations","ADR-0003"
User Story,US-V1-02-02-01,FEAT-V1-02-02,TK-V1-02-01-01-01,"Aplicar migrations com rollback operacional seguro","Como operador, quero migrations revisadas e recuperaveis, para fazer deploy sem presumir rollback destrutivo de dados.","Migrations expand/contract sao testadas em banco limpo e estado anterior; restore/compensacao documentados; historico aplicado nao e reescrito.",P0,New,Sprint 2,"database;operations","ADR-0003"
Task,TK-V1-02-02-01-01,US-V1-02-02-01,,"Definir pipeline de migration e ensaio de restore","Executar deploy versionado de migration, backup e restauracao em ambiente controlado.","Ensaio registra tempo, ponto/estado restaurado e verificacoes; falha aciona procedimento documentado; migration producao forward-only.",P0,New,Sprint 2,"database;dr","ADR-0003"
Epic,EPIC-V1-03,,,"Identidade e autorizacao prontas para producao","Evoluir o MVP publicado somente nas lacunas de seguranca, integracao e operacao explicitadas.","MVP existente preservado; dependencias reais, MFA privilegiada, auditoria, rate limiting e privacidade verificadas antes de habilitar papeis/fluxos em producao.",P0,New,Sprint 3,"identity;security","ADR-0002;ADR-0003;ADR-0004"
Feature,FEAT-V1-03-01,EPIC-V1-03,TK-V1-01-01-02-01,"Completar dependencias reais e auditoria de autorizacao","Substituir fakes documentados por validacoes dos owners e registrar atos de acesso administrativo.","UserDirectory, SchoolDirectory e ActorAuthorizer consultam contratos reais; falha fecha acesso; ativacao, grants e revogacoes auditaveis.",P0,New,Sprint 3,"identity;tech-debt","ADR-0002;ADR-0004"
User Story,US-V1-03-01-01,FEAT-V1-03-01,TK-V1-01-03-01-01,"Autorizar com estado canonico de User School e ator","Como owner de operacao protegida, quero validar ator e estado atual pelos contratos publicos dos owners, para nao autorizar com fakes ou dados client-side.","Authorizer verifica ator/permissao/recurso/contexto; User e School sao confirmados por contratos; indisponibilidade nega; nenhum repository interno alheio e usado.",P0,New,Sprint 3,"identity;authorization;tech-debt","ADR-0002;ADR-0004"
Task,TK-V1-03-01-01-01,US-V1-03-01-01,,"Conectar ActorAuthorizer UserDirectory e SchoolDirectory reais","Implementar adapters para as fachadas publicas dos owners e manter os contratos existentes.","Testes de contrato e integracao passam; actor inativo, escola desabilitada, erro/timeout e recurso fora do escopo negam; fakes permanecem apenas em testes.",P0,New,Sprint 3,"identity;authorization","ADR-0002;ADR-0004"
User Story,US-V1-03-01-02,FEAT-V1-03-01,,"Auditar concessoes e revogacoes privilegiadas","Como responsavel de seguranca, quero trilha append-only de quem concedeu, removeu ou alterou acesso, para investigar abuso sem registrar segredos.","Eventos auditaveis incluem ator, alvo, escopo, acao, instante, resultado/motivo/correlationId; segredos e valores sensiveis sao excluidos; acesso ao audit log e controlado.",P0,New,Sprint 3,"security;audit","ADR-0004"
Task,TK-V1-03-01-02-01,US-V1-03-01-02,,"Completar trilha de auditoria para memberships e grants","Registrar atos de ativacao, concessao, revogacao e acesso administrativo conforme politica aprovada.","Testes provam append-only, tenant scope e ausencia de password/hash/token/PII desnecessaria; leitura de audit tambem e auditada.",P0,New,Sprint 3,"security;audit","ADR-0004"
Feature,FEAT-V1-03-02,EPIC-V1-03,TK-V1-01-01-02-01,"Protecoes de autenticacao e papeis privilegiados","Completar controles obrigatorios de credencial, sessao, limitacao de abuso e autenticacao reforcada.","Rate limiting distribuido e controles aprovados operam; MFA/step-up esta ativo antes de liberar roles privilegiadas em producao; segredos fora de logs/repo.",P0,New,Sprint 3,"identity;security;blocking","ADR-0004"
User Story,US-V1-03-02-01,FEAT-V1-03-02,TK-V1-01-01-02-01,"Proteger autenticacao contra abuso e vazamento","Como usuario, quero login seguro e respostas genericas, para reduzir account takeover e enumeracao sem expor credenciais.","Rate limit cobre conta normalizada e origem segundo politica aprovada; password hashing/configuracao revisada; respostas nao enumeram; sessao revogavel; logs nao tem segredo.",P0,New,Sprint 3,"security;auth","ADR-0004"
Task,TK-V1-03-02-01-01,US-V1-03-02-01,,"Validar controles de credencial sessoes e rate limit","Verificar configuracao Auth.js, storage distribuido, politicas de senha, cookie, reauth, rotacao e resposta a falhas.","Suite de seguranca comprova protecoes aprovadas e fail closed; teste multi-instancia demonstra rate limit compartilhado; incidentes geram eventos minimizados.",P0,New,Sprint 3,"security;auth","ADR-0004"
User Story,US-V1-03-02-02,FEAT-V1-03-02,TK-V1-03-01-02-01,"Habilitar MFA e step-up para acesso privilegiado","Como administrador privilegiado, quero comprovar fator reforcado para operacoes sensiveis, para limitar impacto de credencial comprometida.","MFA e step-up aprovados para papéis definidos; concessao/uso/recuperacao e auditados; nenhum papel privilegiado habilitado em producao sem MFA e fluxo de recuperacao testados.",P0,New,Sprint 3,"security;mfa;blocking","ADR-0004"
Task,TK-V1-03-02-02-01,US-V1-03-02-02,,"Implementar e ensaiar MFA privilegiada","Selecionar mecanismo suportado e implementar enrolment, verificacao, recuperacao e step-up apos aprovacao de threat model.","Testes cobrem sucesso, falha, replay, recuperacao e revogacao de sessoes; segredo MFA nunca e registrado; gate de release bloqueia role privilegiada sem MFA.",P0,New,Sprint 3,"security;mfa","ADR-0004"
Epic,EPIC-V1-04,,,"Conteudo matematico e pratica","Entregar taxonomia versionada e fluxo de questoes/tentativas com ownership e proveniencia explicitos.","Conteudo publicado tem fonte/licenca aprovada; tentativas sao reproduziveis; respostas brutas permanecem no owner; eventos sao pos-commit.",P1,New,Sprint 4,"learning;content","ADR-0002;ADR-0003"
Feature,FEAT-V1-04-01,EPIC-V1-04,TK-V1-02-01-01-01,"Taxonomia e banco de questoes","Modelar referencia OBMEP e questoes versionadas e publicadas sob regras de proveniencia aprovadas.","Edicoes/fases/fontes/taxonomia sao versionadas; questao e versao sao distintas; publicacao/minimizacao e direitos de uso aprovados; owner e unico escritor.",P1,New,Sprint 4,"content;taxonomy","ADR-0002;ADR-0003"
User Story,US-V1-04-01-01,FEAT-V1-04-01,TK-V1-01-01-03-01,"Catalogar taxonomia OBMEP e fontes versionadas","Como editor autorizado, quero vincular questoes a nivel, tema, competencia, habilidade, edicao/fase e fonte, para preservar classificacao e historico.","Taxonomia tem IDs estaveis e vigencia; hierarquia nao aceita ciclos; fontes registram proveniencia/licenca; nenhuma classificacao oficial e inventada quando nao houver referencia.",P1,New,Sprint 4,"content;taxonomy","ADR-0003"
Task,TK-V1-04-01-01-01,US-V1-04-01-01,TK-V1-02-01-01-01,"Validar modelo taxonomico e ingestao de catalogo","Preparar carga de catalogo com fonte/versionamento, checksum quando aplicavel e revisao editorial.","Carga e validada contra fonte aprovada; duplicidades/ciclos/versoes invalidas sao rejeitados; relatorio de proveniencia reproduz a origem.",P1,New,Sprint 4,"content;data","ADR-0003"
User Story,US-V1-04-01-02,FEAT-V1-04-01,US-V1-04-01-01,"Publicar e versionar questoes com proveniencia","Como editor, quero publicar uma versao imutavel de questao e corrigir por nova versao, para preservar o conteudo visto em atividade anterior.","Versao publicada referencia fonte/licenca e taxonomia; alteracoes geram nova versao; conteudo nao publicado nao e visivel a aluno; owner controla escrita.",P1,New,Sprint 4,"content;publishing","ADR-0002;ADR-0003"
Task,TK-V1-04-01-02-01,US-V1-04-01-02,,"Definir fluxo de revisao editorial e publicacao","Implementar estados/editorial checks e autorizacao de publicar conforme papel aprovado.","Transicoes de publicacao estao testadas; permission check e server-side; conteudo rich text/asset e sanitizado e licenciado.",P1,New,Sprint 4,"content;security","ADR-0003;ADR-0004;ADR-0010"
Feature,FEAT-V1-04-02,EPIC-V1-04,FEAT-V1-04-01,"Pratica e registro de tentativas","Registrar atividade de aluno e respostas no owner de Attempts; emitir fatos apos persistencia.","Uma tentativa referencia versao de questao e contexto escolar; idempotencia evita duplicidade; evento nao contem segredo nem resposta desnecessaria.",P1,New,Sprint 5,"learning;attempts","ADR-0002;ADR-0003"
User Story,US-V1-04-02-01,FEAT-V1-04-02,US-V1-04-01-02,"Submeter resposta e consultar resultado autorizado","Como estudante, quero responder questoes publicadas e consultar minhas tentativas, para praticar com historico fiel ao conteudo apresentado.","Servidor valida ator, recurso e schoolId; tentativa preserva questionVersion; repeticao da mesma submissao nao duplica efeito; resposta de outro aluno e negada.",P1,New,Sprint 5,"learning;attempts","ADR-0002;ADR-0003;ADR-0004;ADR-0005"
Task,TK-V1-04-02-01-01,US-V1-04-02-01,TK-V1-01-02-02-01,"Implementar command de tentativa e evento pos-commit","Registrar tentativa/invariantes no modulo owner e publicar evento aprovado via outbox.","Transacao salva tentativa e outbox atomicamente; consumer recebe identificador/versionamento; retry nao duplica; evento exclui resposta aberta/PII nao aprovada.",P1,New,Sprint 5,"learning;events","ADR-0002;ADR-0003"
User Story,US-V1-04-02-02,FEAT-V1-04-02,US-V1-04-02-01,"Manter progresso de habilidade com evidencia e versao","Como estudante, quero acompanhar evidencia de dominio por habilidade, para orientar a pratica sem tratar estimativa como nota oficial.","Question Engine guarda algoritmoVersion, evidencia/intervalo/confianca; estado e schoolId+userId; nao copia resposta bruta nem se torna fonte de nota oficial.",P1,New,Sprint 5,"learning;adaptive","ADR-0002;ADR-0003"
Task,TK-V1-04-02-02-01,US-V1-04-02-02,,"Definir e testar regras de dominio e recomendacao","Formalizar algoritmo/politica versionada com produto antes de calcular mastery ou recomendacoes.","Regras, entradas, limites, confianca, versao e comportamento de recalculo estao aprovados; testes provam determinismo e ausencia de diagnostico sensivel.",P1,New,Sprint 5,"learning;product-rule","ADR-0003"
Epic,EPIC-V1-05,,,"Jornadas de aprendizagem e avaliacao","Disponibilizar percursos e simulados como casos de uso dos owners com regras pedagogicas aprovadas.","Estado e invariantes permanecem nos owners; entrada web valida/autentica/autoriza e delega; resultados reproduziveis e autorizados.",P1,New,Sprint 6,"learning;assessment","ADR-0002;ADR-0003;ADR-0005"
Feature,FEAT-V1-05-01,EPIC-V1-05,FEAT-V1-04-02,"Study Paths","Permitir atribuir/seguir percursos e projetar progresso sem duplicar autoridade de Attempts/Question Engine.","Templates/percurso/progresso respeitam ownership e schoolId; eventos de inicio/conclusao pos-commit; leitura e progresso autorizados.",P1,New,Sprint 6,"learning;study-paths","ADR-0002;ADR-0003;ADR-0005"
User Story,US-V1-05-01-01,FEAT-V1-05-01,TK-V1-01-01-03-01,"Iniciar e concluir percurso de estudo","Como estudante, quero seguir um percurso atribuido e ver etapas concluidas, para organizar minha pratica.","Regras de elegibilidade/conclusao estao aprovadas; progresso pertence ao aluno+schoolId; conclusao emite fato uma vez; docente ve somente turma autorizada.",P1,New,Sprint 6,"learning;study-paths","ADR-0002;ADR-0003;ADR-0004"
Task,TK-V1-05-01-01-01,US-V1-05-01-01,US-V1-04-02-01,"Implementar lifecycle e contrato de progresso de percurso","Implementar transicoes aprovadas e consulta de progresso via contratos publicos do owner.","Testes cobrem transicoes, duplicacao, isolamento por escola e autorizacao professor/aluno; evento pos-commit idempotente.",P1,New,Sprint 6,"learning;study-paths","ADR-0002;ADR-0003"
Feature,FEAT-V1-05-02,EPIC-V1-05,FEAT-V1-04-02,"Simulados e avaliacao","Oferecer simulados com snapshots reprodutiveis e resultados visiveis conforme regra aprovada.","Configuracao/selecionar questoes respeita regra aprovada; tentativa liga versao e resultado; consulta protege gabarito e escopo.",P1,New,Sprint 6,"assessment;mock-exams","ADR-0002;ADR-0003;ADR-0005"
User Story,US-V1-05-02-01,FEAT-V1-05-02,US-V1-01-01-03,"Realizar simulado e consultar resultado","Como estudante, quero completar um simulado e consultar o resultado autorizado, para avaliar minha preparacao.","Regras de tempo, montagem, submissao, pontuacao e disponibilizacao do resultado estao aprovadas; snapshot permite reproduzir questoes; gabarito nao e exposto antes da regra permitir.",P1,New,Sprint 6,"assessment;mock-exams","ADR-0002;ADR-0003;ADR-0004"
Task,TK-V1-05-02-01-01,US-V1-05-02-01,TK-V1-04-02-01-01,"Implementar fluxo do simulado e invariantes de resultado","Executar fluxo no owner Mock Exams e integrar Attempts via contratos/eventos permitidos.","Testes cobrem lifecycle e pontuacao aprovada, repeticao, tempo, autorizacao e schoolId; evento concluido pos-commit.",P1,New,Sprint 6,"assessment;integration","ADR-0002;ADR-0003"
Epic,EPIC-V1-06,,,"Campeonatos e reconhecimento","Implementar competicao e reconhecimento somente apos criterios de produto e acesso estarem aprovados.","Lifecycle, elegibilidade, scoring, desempate e publicacao estao definidos; efeitos secundarios derivados de eventos; analytics nao possui resultado oficial.",P1,New,Sprint 7,"competition;recognition","ADR-0002;ADR-0003;ADR-0009"
Feature,FEAT-V1-06-01,EPIC-V1-06,TK-V1-01-01-03-01,"Lifecycle de campeonatos","Gerir criacao, publicacao, participacao, encerramento e consulta no owner Championships.","Estados, papeis, elegibilidade, calendario e resultados sao aprovados; operacoes server-side e tenant-aware; transicoes invalidas sao rejeitadas.",P1,New,Sprint 7,"competition;championships;blocking","ADR-0002;ADR-0003;ADR-0004"
User Story,US-V1-06-01-01,FEAT-V1-06-01,US-V1-05-02-01,"Criar e participar de campeonato publicado","Como participante elegivel, quero entrar em um campeonato publicado e enviar resultados permitidos, para competir segundo regras conhecidas.","Regras aprovadas de inscricao, elegibilidade, submissao, encerramento e visibilidade; participante nao altera resultado; escopo e acessos validados no servidor.",P1,New,Sprint 7,"competition;championships","ADR-0002;ADR-0003;ADR-0004"
Task,TK-V1-06-01-01-01,US-V1-06-01-01,US-V1-01-01-03,"Implementar transicoes do campeonato aprovadas","Implementar lifecycle dentro de Championships e contratos para dependencias sincrona/assincrona autorizadas.","Testes de contrato e integracao cobrem transicoes, concorrencia/idempotencia, permissao e tenant; nao inventar regras sem sign-off.",P1,New,Sprint 7,"competition;domain","ADR-0002;ADR-0003"
Feature,FEAT-V1-06-02,EPIC-V1-06,FEAT-V1-06-01,"Rankings e reconhecimento derivados","Calcular ranking e reconhecimento a partir de fatos de dominio com ownership e trilha de origem.","Ranking e badge/certificate sao consumers/projecoes; regra de ordenacao, desempate e emissao e aprovada; repeticao de evento nao duplica premio.",P1,New,Sprint 7,"competition;ranking;events","ADR-0002;ADR-0003;ADR-0009"
User Story,US-V1-06-02-01,FEAT-V1-06-02,US-V1-06-01-01,"Consultar classificacao e reconhecimentos autorizados","Como participante, quero consultar minha posicao e reconhecimentos publicados, para acompanhar resultado competitivo sem acessar dados fora do escopo.","Ranking usa versao/periodo/escopo aprovados; eventos duplicados ou fora de ordem nao corrompem resultado; consulta aplica permissao e minimizacao.",P1,New,Sprint 7,"competition;ranking","ADR-0002;ADR-0003;ADR-0004;ADR-0009"
Task,TK-V1-06-02-01-01,US-V1-06-02-01,TK-V1-01-02-02-01,"Construir consumers idempotentes para ranking e reconhecimentos","Consumir eventos permitidos e manter cursor/versao reconciliavel para ranking, badges e certificados.","Replay/retry nao duplica resultados; consumidor tolera ordem nao garantida; origem e versao rastreaveis; correcoes preservam owner do fato.",P1,New,Sprint 7,"competition;events","ADR-0002;ADR-0003;ADR-0009"
Epic,EPIC-V1-07,,,"Analytics educacional e telemetria","Construir projecoes e dashboards assincronos, autorizados, minimizados e reconstruiveis, separados de telemetria operacional.","Projecoes sao eventually consistent e versionadas; dashboards nao consultam tabelas transacionais de alta frequencia; privacidade e scoping testados.",P1,New,Sprint 5,"analytics;telemetry","ADR-0002;ADR-0003;ADR-0004;ADR-0009"
Feature,FEAT-V1-07-01,EPIC-V1-07,TK-V1-01-02-02-01,"Pipeline de eventos e projecoes","Ingerir eventos aprovados via consumers assincronos, persistir cursor e manter materializacoes reconstruiveis.","Outbox/inbox evita perda/duplicacao no limite transacional; consumer idempotente; projectionVersion/updatedAt/source cursor; replay/rebuild reconciliado.",P0,New,Sprint 5,"analytics;events;outbox","ADR-0002;ADR-0003;ADR-0009"
User Story,US-V1-07-01-01,FEAT-V1-07-01,TK-V1-01-02-02-01,"Reconstruir projecoes sem afetar o fluxo transacional","Como owner de Analytics, quero processar e reproduzir eventos em consumers assincronos, para corrigir ou reconstruir indicadores sem tornar Analytics fonte autoritativa.","Falha/retry e replay nao perdem eventos nem duplicam contagens; OLTP confirma sem aguardar analytics; lag e frescor observaveis.",P0,New,Sprint 5,"analytics;events","ADR-0002;ADR-0003;ADR-0009"
Task,TK-V1-07-01-01-01,US-V1-07-01-01,US-V1-04-02-01,"Implementar outbox inbox e reconciliacao de projecoes","Completar divida de outbox; consumidores controlam deduplicacao, cursor, versionamento e replay.","Commit de dominio e outbox e atomico; eventos pendentes sao retomados; falha e replay demonstrados; backlog/lag medidos; nenhuma projecao altera owner original.",P0,New,Sprint 5,"analytics;events;tech-debt","ADR-0002;ADR-0003;ADR-0009"
Feature,FEAT-V1-07-02,EPIC-V1-07,FEAT-V1-07-01,"Progresso do aluno e metricas por topico","Produzir StudentProgress, TopicMetrics e question metrics por escola e janela autorizadas.","Metricas tem definicao/denominador/versionamento, `asOf`/frescor, schoolId e politica de supressao aplicavel; podem ser recalculadas.",P1,New,Sprint 8,"analytics;education","ADR-0003;ADR-0009"
User Story,US-V1-07-02-01,FEAT-V1-07-02,US-V1-07-01-01,"Consultar progresso educacional agregado","Como aluno quero ver evolucao e topicos em desenvolvimento; como professor autorizado, quero ver agregados das minhas turmas, para orientar pratica sem expor dados fora do escopo.","Aluno ve apenas seu dado; professor somente turmas atribuídas; coordenador somente escola autorizada; metricas sao agregadas, definidas e identificadas pelo instante/versao da projecao.",P1,New,Sprint 8,"analytics;dashboard","ADR-0004;ADR-0009"
Task,TK-V1-07-02-01-01,US-V1-07-02-01,,"Criar StudentProgress TopicMetrics e contratos de leitura","Derivar tabelas logicas/projecoes a partir de eventos aprovados e expor DTOs minimizados pelos contratos do owner.","Testes de contrato/replay, isolamento entre escolas, supressao de celulas pequenas e consistencia eventual passam; nenhum dashboard consulta OLTP de alta frequencia.",P1,New,Sprint 8,"analytics;projection","ADR-0003;ADR-0009"
Feature,FEAT-V1-07-03,EPIC-V1-07,FEAT-V1-07-01,"Metricas institucionais e de competicao","Projetar SchoolMetrics e RankingMetrics com autorizacao institucional e limites de reidentificacao.","Agregados suportam filtros autorizados por escola/turma/periodo; celulas pequenas sao suprimidas conforme politica; ranking oficial permanece no owner apropriado.",P1,New,Sprint 8,"analytics;institutional","ADR-0004;ADR-0009"
User Story,US-V1-07-03-01,FEAT-V1-07-03,US-V1-06-02-01,"Consultar indicadores institucionais autorizados","Como coordenador escolar, quero comparar indicadores agregados de turmas autorizadas, para acompanhar participacao e evolucao sem acessar outra escola.","Consulta valida role/membership/turma no servidor; cross-school negado salvo permissao global aprovada; supressao e definicoes metrica aplicadas.",P1,New,Sprint 8,"analytics;dashboard","ADR-0004;ADR-0009"
Task,TK-V1-07-03-01-01,US-V1-07-03-01,TK-V1-07-02-01-01,"Construir agregados institucionais com controle de privacidade","Implementar projecoes por escola/turma/periodo, freshness e regras de supressao aprovadas.","Reconstrucao produz mesmo resultado; identificador de escola nao e label de alta cardinalidade; acesso indevido/celula pequena nao revela dado.",P1,New,Sprint 8,"analytics;privacy","ADR-0003;ADR-0004;ADR-0009"
Feature,FEAT-V1-07-04,EPIC-V1-07,,"Telemetria operacional e frontend","Instrumentar requests, consumers, fronteiras de modulo e UX com OpenTelemetry/structured logging/redaction.","Metricas operacionais separadas de analytics educacional; Correlation ID propagado; SLO candidate tem denominador e fonte; sem segredos/PII.",P1,New,Sprint 8,"observability;telemetry","ADR-0002;ADR-0005;ADR-0009;ADR-0010"
User Story,US-V1-07-04-01,FEAT-V1-07-04,,"Investigar falhas e lag sem expor dados pessoais","Como operador, quero correlacionar requests e consumers com logs/traces redigidos e metricas de latencia/erro/lag, para responder a incidentes com dados minimizados.","Trace/correlation atravessa request, contrato e evento; logs estruturados redigem segredos/PII; queue lag, erro e duracao sao observaveis sem schoolId como label de alta cardinalidade.",P1,New,Sprint 8,"observability;security","ADR-0002;ADR-0004;ADR-0009"
Task,TK-V1-07-04-01-01,US-V1-07-04-01,,"Instrumentar OpenTelemetry e verificacoes de redacao","Adicionar instrumentacao neutra por owner e testar redacao de payloads e propagacao de correlacao.","Testes detectam campos secretos/PII proibidos; trace context propagado; metricas de latencia/throughput/erro/lag possuem agregacoes operacionais.",P1,New,Sprint 8,"observability","ADR-0002;ADR-0004;ADR-0009"
Epic,EPIC-V1-08,,,"Experiencia web e design system","Entregar composicao frontend por feature sem misturar apresentacao com dominio ou duplicar o ADR-0005.","RSC e padrao de leitura; actions sao adapters; estado client efemero/opt-in; UI acessivel/responsiva e componentes sem dominio.",P1,New,Sprint 4,"frontend;design-system","ADR-0005;ADR-0010"
Feature,FEAT-V1-08-01,EPIC-V1-08,US-V1-01-02-01,"Design system e componentes acessiveis","Estabelecer tokens e biblioteca UI de primitives/padroes reutilizaveis para jornadas V1.","Componentes previstos sao consistentes, testados e acessiveis; pacote UI nao importa modulos, banco, Auth ou dados de dominio.",P1,New,Sprint 4,"frontend;ui;accessibility","ADR-0010"
User Story,US-V1-08-01-01,FEAT-V1-08-01,,"Usar componentes de interface consistentes e acessiveis","Como usuario, quero controles, navegacao e feedback consistentes e acessiveis, para completar jornadas em desktop e mobile.","Primitives acordadas cobrem inputs, feedback, navegacao e dados; teclado/foco/labels/contraste verificados; tema e responsividade seguem tokens aprovados.",P1,New,Sprint 4,"frontend;accessibility","ADR-0010"
Task,TK-V1-08-01-01-01,US-V1-08-01-01,,"Criar tokens e primitives do design system","Definir tokens e componentes base com Shadcn UI/Radix/Tailwind conforme a baseline.","Componentes nao acessam sessao/banco/modulos; testes visuais/funcionais e auditoria WCAG acordada passam; bundle e medido.",P1,New,Sprint 4,"frontend;ui","ADR-0010"
Feature,FEAT-V1-08-02,EPIC-V1-08,FEAT-V1-08-01,"Adapters BFF e composicao de jornadas","Implementar leituras por contratos em RSC e mutacoes via Server Actions que validam e delegam a use cases.","DTO minimo/serializavel; server auth/authorization; sem regra de dominio em UI; nenhum acceso client direto a Prisma/repository.",P1,New,Sprint 5,"frontend;bff","ADR-0002;ADR-0004;ADR-0005"
User Story,US-V1-08-02-01,FEAT-V1-08-02,US-V1-04-01-02,"Consultar e alterar dados pela fronteira web correta","Como usuario, quero paginas rapidas e formularios com feedback confiavel, para usar a funcionalidade sem expor dados ou regras no browser.","Leitura RSC chama query contract owner; Action valida input, identidade, permissao e escopo e delega um caso de uso; cache invalidado apos sucesso; estado de dominio retorna do servidor.",P1,New,Sprint 5,"frontend;bff;security","ADR-0002;ADR-0004;ADR-0005"
Task,TK-V1-08-02-01-01,US-V1-08-02-01,TK-V1-08-01-01-01,"Construir adapters de pagina e mutacao por feature","Implementar boundaries de leitura/mutacao sem coordenar repositories de varios modulos no adapter.","Tests de contrato e E2E cobrem autorizacao, erros redigidos, revalidacao/cache e DTO; imports client proibidos nao entram no bundle.",P1,New,Sprint 5,"frontend;bff","ADR-0005;ADR-0010"
Epic,EPIC-V1-09,,,"Qualidade e readiness de producao","Validar seguranca, acessibilidade, integracao, performance, operabilidade e recuperacao antes de declarar release V1.","Gates aprovados passam com evidencias repetiveis; SLO/capacidade e limites de release sao declarados somente apos medicao representativa.",P0,New,Sprint 9,"quality;release","ADR-0001;ADR-0002;ADR-0003;ADR-0004;ADR-0005;ADR-0009;ADR-0010"
Feature,FEAT-V1-09-01,EPIC-V1-09,FEAT-V1-07-04,"Testes cross-cutting e threat validation","Validar fluxo integrado com testes por camada, ameacas, isolamento e comportamento sob carga.","Unit/integration/contract/E2E/load aplicaveis executam no pipeline; casos negativos cross-school e fail-closed passam; riscos criticos tem owner/tratamento.",P0,New,Sprint 9,"testing;security;load","ADR-0002;ADR-0003;ADR-0004;ADR-0005;ADR-0009"
User Story,US-V1-09-01-01,FEAT-V1-09-01,US-V1-07-03-01,"Provar isolamento e autorizacao nas jornadas V1","Como responsavel de seguranca, quero evidencias de negacao para atores/recursos/escolas incompatíveis, para impedir regressao de autorizacao.","Suite testa identidade, membership, papel, recurso, cache, evento e dashboard com contexto valido/invalido; falhas necessarias fecham acesso; nenhuma divergencia permissiva.",P0,New,Sprint 9,"testing;security","ADR-0003;ADR-0004;ADR-0005;ADR-0009"
Task,TK-V1-09-01-01-01,US-V1-09-01-01,TK-V1-07-03-01-01,"Executar matriz E2E e testes de seguranca multi-escola","Automatizar jornadas de aluno/professor/coordenador e casos negativos de tenancy/autorizacao.","Casos de sucesso e negacao passam em ambiente de integracao; evidencia inclui duas escolas, roles distintas, revogacao e operacao com dependencia indisponivel.",P0,New,Sprint 9,"testing;security","ADR-0003;ADR-0004;ADR-0005;ADR-0009"
Feature,FEAT-V1-09-02,EPIC-V1-09,TK-V1-02-02-01-01,"Capacidade e recuperacao operacional","Medir carga representativa, latencia e procedimentos de disaster recovery sem converter metas em garantias presumidas.","Perfil de carga, limiares, RTO/RPO/SLO aprovados e medidos; teste de restore e rollback/compensacao registrados; gargalo orienta priorizacao.",P0,New,Sprint 9,"operations;performance;dr","ADR-0001;ADR-0003;ADR-0009"
User Story,US-V1-09-02-01,FEAT-V1-09-02,US-V1-09-01-01,"Validar metas de capacidade e recuperacao","Como Product/Engineering, quero medir os fluxos criticos sob carga e exercitar restore, para decidir capacidade e prontidao com evidencias.","Teste representativo define volume/concurrencia/skew multi-tenant; latencia e erros reportados contra metas aprovadas; restore cumpre RTO/RPO aprovados; 100 mil alunos nao e considerado garantia por si.",P0,New,Sprint 9,"operations;performance","ADR-0001;ADR-0003;ADR-0009"
Task,TK-V1-09-02-01-01,US-V1-09-02-01,TK-V1-09-01-01-01,"Executar teste de carga e ensaio de desastre","Medir consultas, tentativas, consumers, dashboards, filas e restauracao em perfil aprovado.","Relatorio reproduzivel registra configuracao, resultados p50/p95/p99/erro/lag, skew por escola, restore e gaps; nenhuma meta e declarada cumprida sem evidencias.",P0,New,Sprint 9,"operations;load;dr","ADR-0001;ADR-0003;ADR-0009"
